{"strategy":{"SimpleStrategy":{"trades":[{"pair":"BTC/USDT","stake_amount":49.9948488,"max_stake_amount":49.9948488,"amount":0.000468,"open_date":"2025-06-25 09:15:00+00:00","close_date":"2025-06-25 09:45:00+00:00","open_rate":106826.6,"close_rate":106522.7,"fee_open":0.001,"fee_close":0.001,"trade_duration":30,"profit_ratio":-0.004837115122165129,"profit_abs":-0.24207267,"exit_reason":"exit_signal","initial_stop_loss_abs":96143.94,"initial_stop_loss_ratio":-0.1,"stop_loss_abs":96143.94,"stop_loss_ratio":-0.1,"min_rate":106459.5,"max_rate":106985.3,"is_open":false,"enter_tag":"","leverage":1.0,"is_short":false,"open_timestamp":1750842900000,"close_timestamp":1750844700000,"orders":[{"amount":0.000468,"safe_price":106826.6,"ft_order_side":"buy","order_filled_timestamp":1750842900000,"ft_is_entry":true,"ft_order_tag":"","cost":50.0448436488},{"amount":0.000468,"safe_price":106522.7,"ft_order_side":"sell","order_filled_timestamp":1750844700000,"ft_is_entry":false,"ft_order_tag":"exit_signal","cost":49.9024762236}],"funding_fees":0.0},{"pair":"ETH/USDT","stake_amount":49.9899341,"max_stake_amount":49.9899341,"amount":0.02053,"open_date":"2025-06-25 13:15:00+00:00","close_date":"2025-06-25 14:15:00+00:00","open_rate":2434.97,"close_rate":2429.1,"fee_open":0.001,"fee_close":0.001,"trade_duration":60,"profit_ratio":-0.004403892776692212,"profit_abs":-0.22037046,"exit_reason":"exit_signal","initial_stop_loss_abs":2191.48,"initial_stop_loss_ratio":-0.1,"stop_loss_abs":2191.48,"stop_loss_ratio":-0.1,"min_rate":2393.71,"max_rate":2446.68,"is_open":false,"enter_tag":"","leverage":1.0,"is_short":false,"open_timestamp":1750857300000,"close_timestamp":1750860900000,"orders":[{"amount":0.02053,"safe_price":2434.97,"ft_order_side":"buy","order_filled_timestamp":1750857300000,"ft_is_entry":true,"ft_order_tag":"","cost":50.03992403409999},{"amount":0.02053,"safe_price":2429.1,"ft_order_side":"sell","order_filled_timestamp":1750860900000,"ft_is_entry":false,"ft_order_tag":"exit_signal","cost":49.919292422999995}],"funding_fees":0.0},{"pair":"ETH/USDT","stake_amount":49.9873224,"max_stake_amount":49.9873224,"amount":0.02056,"open_date":"2025-06-25 17:25:00+00:00","close_date":"2025-06-25 18:30:00+00:00","open_rate":2431.29,"close_rate":2415.8,"fee_open":0.001,"fee_close":0.001,"trade_duration":65,"profit_ratio":-0.008356375918684076,"profit_abs":-0.41813057,"exit_reason":"exit_signal","initial_stop_loss_abs":2188.17,"initial_stop_loss_ratio":-0.1,"stop_loss_abs":2188.17,"stop_loss_ratio":-0.1,"min_rate":2407.0,"max_rate":2431.4,"is_open":false,"enter_tag":"","leverage":1.0,"is_short":false,"open_timestamp":1750872300000,"close_timestamp":1750876200000,"orders":[{"amount":0.02056,"safe_price":2431.29,"ft_order_side":"buy","order_filled_timestamp":1750872300000,"ft_is_entry":true,"ft_order_tag":"","cost":50.03730972239999},{"amount":0.02056,"safe_price":2415.8,"ft_order_side":"sell","order_filled_timestamp":1750876200000,"ft_is_entry":false,"ft_order_tag":"exit_signal","cost":49.71851684799999}],"funding_fees":0.0},{"pair":"ETH/USDT","stake_amount":49.9989636,"max_stake_amount":49.9989636,"amount":0.02062,"open_date":"2025-06-26 00:20:00+00:00","close_date":"2025-06-26 01:25:00+00:00","open_rate":2424.78,"close_rate":2420.84,"fee_open":0.001,"fee_close":0.001,"trade_duration":65,"profit_ratio":-0.003619645057972792,"profit_abs":-0.18115948,"exit_reason":"exit_signal","initial_stop_loss_abs":2182.31,"initial_stop_loss_ratio":-0.1,"stop_loss_abs":2182.31,"stop_loss_ratio":-0.1,"min_rate":2417.12,"max_rate":2444.01,"is_open":false,"enter_tag":"","leverage":1.0,"is_short":false,"open_timestamp":1750897200000,"close_timestamp":1750901100000,"orders":[{"amount":0.02062,"safe_price":2424.78,"ft_order_side":"buy","order_filled_timestamp":1750897200000,"ft_is_entry":true,"ft_order_tag":"","cost":50.0489625636},{"amount":0.02062,"safe_price":2420.84,"ft_order_side":"sell","order_filled_timestamp":1750901100000,"ft_is_entry":false,"ft_order_tag":"exit_signal","cost":49.9676385208}],"funding_fees":0.0},{"pair":"BTC/USDT","stake_amount":49.9626848,"max_stake_amount":49.9626848,"amount":0.000464,"open_date":"2025-06-26 01:35:00+00:00","close_date":"2025-06-26 02:50:00+00:00","open_rate":107678.2,"close_rate":107604.8,"fee_open":0.001,"fee_close":0.001,"trade_duration":75,"profit_ratio":-0.0026783007246459043,"profit_abs":-0.13394891,"exit_reason":"exit_signal","initial_stop_loss_abs":96910.38,"initial_stop_loss_ratio":-0.1,"stop_loss_abs":96910.38,"stop_loss_ratio":-0.1,"min_rate":107389.9,"max_rate":107983.2,"is_open":false,"enter_tag":"","leverage":1.0,"is_short":false,"open_timestamp":1750901700000,"close_timestamp":1750906200000,"orders":[{"amount":0.000464,"safe_price":107678.2,"ft_order_side":"buy","order_filled_timestamp":1750901700000,"ft_is_entry":true,"ft_order_tag":"","cost":50.01264748479999},{"amount":0.000464,"safe_price":107604.8,"ft_order_side":"sell","order_filled_timestamp":1750906200000,"ft_is_entry":false,"ft_order_tag":"exit_signal","cost":49.9785558272}],"funding_fees":0.0},{"pair":"BTC/USDT","stake_amount":49.893806,"max_stake_amount":49.893806,"amount":0.000463,"open_date":"2025-06-26 06:50:00+00:00","close_date":"2025-06-26 08:05:00+00:00","open_rate":107762.0,"close_rate":107931.0,"fee_open":0.001,"fee_close":0.001,"trade_duration":75,"profit_ratio":-0.00043286460722725257,"profit_abs":-0.02161886,"exit_reason":"exit_signal","initial_stop_loss_abs":96985.8,"initial_stop_loss_ratio":-0.1,"stop_loss_abs":96985.8,"stop_loss_ratio":-0.1,"min_rate":107657.7,"max_rate":108081.9,"is_open":false,"enter_tag":"","leverage":1.0,"is_short":false,"open_timestamp":1750920600000,"close_timestamp":1750925100000,"orders":[{"amount":0.000463,"safe_price":107762.0,"ft_order_side":"buy","order_filled_timestamp":1750920600000,"ft_is_entry":true,"ft_order_tag":"","cost":49.94369980599999},{"amount":0.000463,"safe_price":107931.0,"ft_order_side":"sell","order_filled_timestamp":1750925100000,"ft_is_entry":false,"ft_order_tag":"exit_signal","cost":50.02202505299999}],"funding_fees":0.0},{"pair":"BTC/USDT","stake_amount":49.9215744,"max_stake_amount":49.9215744,"amount":0.000464,"open_date":"2025-06-26 14:40:00+00:00","close_date":"2025-06-26 15:25:00+00:00","open_rate":107589.6,"close_rate":107373.1,"fee_open":0.001,"fee_close":0.001,"trade_duration":45,"profit_ratio":-0.0040062576894347975,"profit_abs":-0.20019869,"exit_reason":"exit_signal","initial_stop_loss_abs":96830.65,"initial_stop_loss_ratio":-0.1,"stop_loss_abs":96830.65,"stop_loss_ratio":-0.1,"min_rate":106899.8,"max_rate":107763.1,"is_open":false,"enter_tag":"","leverage":1.0,"is_short":false,"open_timestamp":1750948800000,"close_timestamp":1750951500000,"orders":[{"amount":0.000464,"safe_price":107589.6,"ft_order_side":"buy","order_filled_timestamp":1750948800000,"ft_is_entry":true,"ft_order_tag":"","cost":49.9714959744},{"amount":0.000464,"safe_price":107373.1,"ft_order_side":"sell","order_filled_timestamp":1750951500000,"ft_is_entry":false,"ft_order_tag":"exit_signal","cost":49.8709395184}],"funding_fees":0.0},{"pair":"ETH/USDT","stake_amount":49.9769595,"max_stake_amount":49.9769595,"amount":0.02067,"open_date":"2025-06-27 00:05:00+00:00","close_date":"2025-06-27 00:50:00+00:00","open_rate":2417.85,"close_rate":2406.15,"fee_open":0.001,"fee_close":0.001,"trade_duration":45,"profit_ratio":-0.006827343510760597,"profit_abs":-0.34155108,"exit_reason":"exit_signal","initial_stop_loss_abs":2176.07,"initial_stop_loss_ratio":-0.1,"stop_loss_abs":2176.07,"stop_loss_ratio":-0.1,"min_rate":2400.07,"max_rate":2421.41,"is_open":false,"enter_tag":"","leverage":1.0,"is_short":false,"open_timestamp":1750982700000,"close_timestamp":1750985400000,"orders":[{"amount":0.02067,"safe_price":2417.85,"ft_order_side":"buy","order_filled_timestamp":1750982700000,"ft_is_entry":true,"ft_order_tag":"","cost":50.02693645949999},{"amount":0.02067,"safe_price":2406.15,"ft_order_side":"sell","order_filled_timestamp":1750985400000,"ft_is_entry":false,"ft_order_tag":"exit_signal","cost":49.7848556205}],"funding_fees":0.0},{"pair":"ETH/USDT","stake_amount":49.984896,"max_stake_amount":49.984896,"amount":0.0204,"open_date":"2025-06-27 06:55:00+00:00","close_date":"2025-06-27 07:35:00+00:00","open_rate":2450.24,"close_rate":2443.84,"fee_open":0.001,"fee_close":0.001,"trade_duration":40,"profit_ratio":-0.0046047722283759675,"profit_abs":-0.23039923,"exit_reason":"exit_signal","initial_stop_loss_abs":2205.22,"initial_stop_loss_ratio":-0.1,"stop_loss_abs":2205.22,"stop_loss_ratio":-0.1,"min_rate":2439.82,"max_rate":2459.39,"is_open":false,"enter_tag":"","leverage":1.0,"is_short":false,"open_timestamp":1751007300000,"close_timestamp":1751009700000,"orders":[{"amount":0.0204,"safe_price":2450.24,"ft_order_side":"buy","order_filled_timestamp":1751007300000,"ft_is_entry":true,"ft_order_tag":"","cost":50.034880896},{"amount":0.0204,"safe_price":2443.84,"ft_order_side":"sell","order_filled_timestamp":1751009700000,"ft_is_entry":false,"ft_order_tag":"exit_signal","cost":49.904190336}],"funding_fees":0.0},{"pair":"BTC/USDT","stake_amount":49.9337312,"max_stake_amount":49.9337312,"amount":0.000464,"open_date":"2025-06-27 07:20:00+00:00","close_date":"2025-06-27 07:40:00+00:00","open_rate":107615.8,"close_rate":107077.1,"fee_open":0.001,"fee_close":0.001,"trade_duration":20,"profit_ratio":-0.006993771074633511,"profit_abs":-0.34957431,"exit_reason":"exit_signal","initial_stop_loss_abs":96854.22,"initial_stop_loss_ratio":-0.1,"stop_loss_abs":96854.22,"stop_loss_ratio":-0.1,"min_rate":106953.1,"max_rate":107728.9,"is_open":false,"enter_tag":"","leverage":1.0,"is_short":false,"open_timestamp":1751008800000,"close_timestamp":1751010000000,"orders":[{"amount":0.000464,"safe_price":107615.8,"ft_order_side":"buy","order_filled_timestamp":1751008800000,"ft_is_entry":true,"ft_order_tag":"","cost":49.983664931199996},{"amount":0.000464,"safe_price":107077.1,"ft_order_side":"sell","order_filled_timestamp":1751010000000,"ft_is_entry":false,"ft_order_tag":"exit_signal","cost":49.7334581744}],"funding_fees":0.0},{"pair":"BTC/USDT","stake_amount":49.9649838,"max_stake_amount":49.9649838,"amount":0.000467,"open_date":"2025-06-27 12:35:00+00:00","close_date":"2025-06-27 12:40:00+00:00","open_rate":106991.4,"close_rate":106855.9,"fee_open":0.001,"fee_close":0.001,"trade_duration":5,"profit_ratio":-0.003261928562702902,"profit_abs":-0.16314519,"exit_reason":"exit_signal","initial_stop_loss_abs":96292.26,"initial_stop_loss_ratio":-0.1,"stop_loss_abs":96292.26,"stop_loss_ratio":-0.1,"min_rate":106742.8,"max_rate":107019.7,"is_open":false,"enter_tag":"","leverage":1.0,"is_short":false,"open_timestamp":1751027700000,"close_timestamp":1751028000000,"orders":[{"amount":0.000467,"safe_price":106991.4,"ft_order_side":"buy","order_filled_timestamp":1751027700000,"ft_is_entry":true,"ft_order_tag":"","cost":50.014948783799994},{"amount":0.000467,"safe_price":106855.9,"ft_order_side":"sell","order_filled_timestamp":1751028000000,"ft_is_entry":false,"ft_order_tag":"exit_signal","cost":49.95160700529999}],"funding_fees":0.0},{"pair":"ETH/USDT","stake_amount":49.98679,"max_stake_amount":49.98679,"amount":0.0205,"open_date":"2025-06-27 15:45:00+00:00","close_date":"2025-06-27 16:55:00+00:00","open_rate":2438.38,"close_rate":2434.16,"fee_open":0.001,"fee_close":0.001,"trade_duration":70,"profit_ratio":-0.003725201381022049,"profit_abs":-0.18639707,"exit_reason":"exit_signal","initial_stop_loss_abs":2194.55,"initial_stop_loss_ratio":-0.1,"stop_loss_abs":2194.55,"stop_loss_ratio":-0.1,"min_rate":2431.56,"max_rate":2449.59,"is_open":false,"enter_tag":"","leverage":1.0,"is_short":false,"open_timestamp":1751039100000,"close_timestamp":1751043300000,"orders":[{"amount":0.0205,"safe_price":2438.38,"ft_order_side":"buy","order_filled_timestamp":1751039100000,"ft_is_entry":true,"ft_order_tag":"","cost":50.03677679},{"amount":0.0205,"safe_price":2434.16,"ft_order_side":"sell","order_filled_timestamp":1751043300000,"ft_is_entry":false,"ft_order_tag":"exit_signal","cost":49.95018028}],"funding_fees":0.0},{"pair":"BTC/USDT","stake_amount":49.949608,"max_stake_amount":49.949608,"amount":0.000466,"open_date":"2025-06-27 15:45:00+00:00","close_date":"2025-06-27 17:05:00+00:00","open_rate":107188.0,"close_rate":107263.5,"fee_open":0.001,"fee_close":0.001,"trade_duration":80,"profit_ratio":-0.0012950394583019207,"profit_abs":-0.0647514,"exit_reason":"exit_signal","initial_stop_loss_abs":96469.2,"initial_stop_loss_ratio":-0.1,"stop_loss_abs":96469.2,"stop_loss_ratio":-0.1,"min_rate":107055.8,"max_rate":107728.8,"is_open":false,"enter_tag":"","leverage":1.0,"is_short":false,"open_timestamp":1751039100000,"close_timestamp":1751043900000,"orders":[{"amount":0.000466,"safe_price":107188.0,"ft_order_side":"buy","order_filled_timestamp":1751039100000,"ft_is_entry":true,"ft_order_tag":"","cost":49.99955760799999},{"amount":0.000466,"safe_price":107263.5,"ft_order_side":"sell","order_filled_timestamp":1751043900000,"ft_is_entry":false,"ft_order_tag":"exit_signal","cost":50.034775790999994}],"funding_fees":0.0},{"pair":"BTC/USDT","stake_amount":49.9183305,"max_stake_amount":49.9183305,"amount":0.000467,"open_date":"2025-06-27 19:50:00+00:00","close_date":"2025-06-27 21:25:00+00:00","open_rate":106891.5,"close_rate":107056.2,"fee_open":0.001,"fee_close":0.001,"trade_duration":95,"profit_ratio":-0.0004602658795991644,"profit_abs":-0.02299868,"exit_reason":"exit_signal","initial_stop_loss_abs":96202.35,"initial_stop_loss_ratio":-0.1,"stop_loss_abs":96202.35,"stop_loss_ratio":-0.1,"min_rate":106798.5,"max_rate":107250.0,"is_open":false,"enter_tag":"","leverage":1.0,"is_short":false,"open_timestamp":1751053800000,"close_timestamp":1751059500000,"orders":[{"amount":0.000467,"safe_price":106891.5,"ft_order_side":"buy","order_filled_timestamp":1751053800000,"ft_is_entry":true,"ft_order_tag":"","cost":49.968248830499995},{"amount":0.000467,"safe_price":107056.2,"ft_order_side":"sell","order_filled_timestamp":1751059500000,"ft_is_entry":false,"ft_order_tag":"exit_signal","cost":50.04524064539999}],"funding_fees":0.0},{"pair":"BTC/USDT","stake_amount":49.91792,"max_stake_amount":49.91792,"amount":0.000466,"open_date":"2025-06-28 02:20:00+00:00","close_date":"2025-06-28 03:10:00+00:00","open_rate":107120.0,"close_rate":107087.0,"fee_open":0.001,"fee_close":0.001,"trade_duration":50,"profit_ratio":-0.002305452162737883,"profit_abs":-0.11519846,"exit_reason":"exit_signal","initial_stop_loss_abs":96408.0,"initial_stop_loss_ratio":-0.1,"stop_loss_abs":96408.0,"stop_loss_ratio":-0.1,"min_rate":107076.0,"max_rate":107200.0,"is_open":false,"enter_tag":"","leverage":1.0,"is_short":false,"open_timestamp":1751077200000,"close_timestamp":1751080200000,"orders":[{"amount":0.000466,"safe_price":107120.0,"ft_order_side":"buy","order_filled_timestamp":1751077200000,"ft_is_entry":true,"ft_order_tag":"","cost":49.967837919999994},{"amount":0.000466,"safe_price":107087.0,"ft_order_side":"sell","order_filled_timestamp":1751080200000,"ft_is_entry":false,"ft_order_tag":"exit_signal","cost":49.95244454199999}],"funding_fees":0.0},{"pair":"ETH/USDT","stake_amount":49.9877001,"max_stake_amount":49.9877001,"amount":0.02061,"open_date":"2025-06-28 05:05:00+00:00","close_date":"2025-06-28 05:45:00+00:00","open_rate":2425.41,"close_rate":2419.65,"fee_open":0.001,"fee_close":0.001,"trade_duration":40,"profit_ratio":-0.0043681133083763955,"profit_abs":-0.21857029,"exit_reason":"exit_signal","initial_stop_loss_abs":2182.87,"initial_stop_loss_ratio":-0.1,"stop_loss_abs":2182.87,"stop_loss_ratio":-0.1,"min_rate":2418.73,"max_rate":2428.57,"is_open":false,"enter_tag":"","leverage":1.0,"is_short":false,"open_timestamp":1751087100000,"close_timestamp":1751089500000,"orders":[{"amount":0.02061,"safe_price":2425.41,"ft_order_side":"buy","order_filled_timestamp":1751087100000,"ft_is_entry":true,"ft_order_tag":"","cost":50.037687800099995},{"amount":0.02061,"safe_price":2419.65,"ft_order_side":"sell","order_filled_timestamp":1751089500000,"ft_is_entry":false,"ft_order_tag":"exit_signal","cost":49.91885548649999}],"funding_fees":0.0},{"pair":"BTC/USDT","stake_amount":49.9089615,"max_stake_amount":49.9089615,"amount":0.000465,"open_date":"2025-06-28 11:50:00+00:00","close_date":"2025-06-28 12:25:00+00:00","open_rate":107331.1,"close_rate":107283.9,"fee_open":0.001,"fee_close":0.001,"trade_duration":35,"profit_ratio":-0.0024368841584162726,"profit_abs":-0.12174398,"exit_reason":"exit_signal","initial_stop_loss_abs":96597.99,"initial_stop_loss_ratio":-0.1,"stop_loss_abs":96597.99,"stop_loss_ratio":-0.1,"min_rate":107282.3,"max_rate":107375.0,"is_open":false,"enter_tag":"","leverage":1.0,"is_short":false,"open_timestamp":1751111400000,"close_timestamp":1751113500000,"orders":[{"amount":0.000465,"safe_price":107331.1,"ft_order_side":"buy","order_filled_timestamp":1751111400000,"ft_is_entry":true,"ft_order_tag":"","cost":49.9588704615},{"amount":0.000465,"safe_price":107283.9,"ft_order_side":"sell","order_filled_timestamp":1751113500000,"ft_is_entry":false,"ft_order_tag":"exit_signal","cost":49.9369005135}],"funding_fees":0.0},{"pair":"BTC/USDT","stake_amount":49.933653,"max_stake_amount":49.933653,"amount":0.000465,"open_date":"2025-06-28 17:40:00+00:00","close_date":"2025-06-28 18:20:00+00:00","open_rate":107384.2,"close_rate":107402.4,"fee_open":0.001,"fee_close":0.001,"trade_duration":40,"profit_ratio":-0.0018288557528816998,"profit_abs":-0.09141277,"exit_reason":"exit_signal","initial_stop_loss_abs":96645.78,"initial_stop_loss_ratio":-0.1,"stop_loss_abs":96645.78,"stop_loss_ratio":-0.1,"min_rate":107372.3,"max_rate":107538.7,"is_open":false,"enter_tag":"","leverage":1.0,"is_short":false,"open_timestamp":1751132400000,"close_timestamp":1751134800000,"orders":[{"amount":0.000465,"safe_price":107384.2,"ft_order_side":"buy","order_filled_timestamp":1751132400000,"ft_is_entry":true,"ft_order_tag":"","cost":49.983586652999996},{"amount":0.000465,"safe_price":107402.4,"ft_order_side":"sell","order_filled_timestamp":1751134800000,"ft_is_entry":false,"ft_order_tag":"exit_signal","cost":49.992058115999995}],"funding_fees":0.0},{"pair":"ETH/USDT","stake_amount":49.9797935,"max_stake_amount":49.9797935,"amount":0.02051,"open_date":"2025-06-28 22:00:00+00:00","close_date":"2025-06-28 23:25:00+00:00","open_rate":2436.85,"close_rate":2438.45,"fee_open":0.001,"fee_close":0.001,"trade_duration":85,"profit_ratio":-0.001342728451034731,"profit_abs":-0.0671764,"exit_reason":"exit_signal","initial_stop_loss_abs":2193.17,"initial_stop_loss_ratio":-0.1,"stop_loss_abs":2193.17,"stop_loss_ratio":-0.1,"min_rate":2434.01,"max_rate":2442.17,"is_open":false,"enter_tag":"","leverage":1.0,"is_short":false,"open_timestamp":1751148000000,"close_timestamp":1751153100000,"orders":[{"amount":0.02051,"safe_price":2436.85,"ft_order_side":"buy","order_filled_timestamp":1751148000000,"ft_is_entry":true,"ft_order_tag":"","cost":50.02977329349999},{"amount":0.02051,"safe_price":2438.45,"ft_order_side":"sell","order_filled_timestamp":1751153100000,"ft_is_entry":false,"ft_order_tag":"exit_signal","cost":50.06262210949999}],"funding_fees":0.0},{"pair":"BTC/USDT","stake_amount":49.9650326,"max_stake_amount":49.9650326,"amount":0.000466,"open_date":"2025-06-29 05:30:00+00:00","close_date":"2025-06-29 07:20:00+00:00","open_rate":107221.1,"close_rate":107331.5,"fee_open":0.001,"fee_close":0.001,"trade_duration":110,"profit_ratio":-0.0009704111226102427,"profit_abs":-0.04853511,"exit_reason":"exit_signal","initial_stop_loss_abs":96498.99,"initial_stop_loss_ratio":-0.1,"stop_loss_abs":96498.99,"stop_loss_ratio":-0.1,"min_rate":107206.1,"max_rate":107386.1,"is_open":false,"enter_tag":"","leverage":1.0,"is_short":false,"open_timestamp":1751175000000,"close_timestamp":1751181600000,"orders":[{"amount":0.000466,"safe_price":107221.1,"ft_order_side":"buy","order_filled_timestamp":1751175000000,"ft_is_entry":true,"ft_order_tag":"","cost":50.01499763259999},{"amount":0.000466,"safe_price":107331.5,"ft_order_side":"sell","order_filled_timestamp":1751181600000,"ft_is_entry":false,"ft_order_tag":"exit_signal","cost":50.06649547899999}],"funding_fees":0.0},{"pair":"ETH/USDT","stake_amount":49.9980288,"max_stake_amount":49.9980288,"amount":0.02048,"open_date":"2025-06-29 18:30:00+00:00","close_date":"2025-06-29 19:05:00+00:00","open_rate":2441.31,"close_rate":2434.86,"fee_open":0.001,"fee_close":0.001,"trade_duration":35,"profit_ratio":-0.004634747355644384,"profit_abs":-0.23195996,"exit_reason":"exit_signal","initial_stop_loss_abs":2197.18,"initial_stop_loss_ratio":-0.1,"stop_loss_abs":2197.18,"stop_loss_ratio":-0.1,"min_rate":2434.73,"max_rate":2442.67,"is_open":false,"enter_tag":"","leverage":1.0,"is_short":false,"open_timestamp":1751221800000,"close_timestamp":1751223900000,"orders":[{"amount":0.02048,"safe_price":2441.31,"ft_order_side":"buy","order_filled_timestamp":1751221800000,"ft_is_entry":true,"ft_order_tag":"","cost":50.0480268288},{"amount":0.02048,"safe_price":2434.86,"ft_order_side":"sell","order_filled_timestamp":1751223900000,"ft_is_entry":false,"ft_order_tag":"exit_signal","cost":49.915798732800006}],"funding_fees":0.0},{"pair":"ETH/USDT","stake_amount":49.9772308,"max_stake_amount":49.9772308,"amount":0.02044,"open_date":"2025-06-29 22:05:00+00:00","close_date":"2025-06-29 22:30:00+00:00","open_rate":2445.07,"close_rate":2478.83,"fee_open":0.001,"fee_close":0.001,"trade_duration":25,"profit_ratio":0.011781786415846374,"profit_abs":0.58940988,"exit_reason":"exit_signal","initial_stop_loss_abs":2200.57,"initial_stop_loss_ratio":-0.1,"stop_loss_abs":2200.57,"stop_loss_ratio":-0.1,"min_rate":2441.86,"max_rate":2484.59,"is_open":false,"enter_tag":"","leverage":1.0,"is_short":false,"open_timestamp":1751234700000,"close_timestamp":1751236200000,"orders":[{"amount":0.02044,"safe_price":2445.07,"ft_order_side":"buy","order_filled_timestamp":1751234700000,"ft_is_entry":true,"ft_order_tag":"","cost":50.0272080308},{"amount":0.02044,"safe_price":2478.83,"ft_order_side":"sell","order_filled_timestamp":1751236200000,"ft_is_entry":false,"ft_order_tag":"exit_signal","cost":50.71795248519999}],"funding_fees":0.0},{"pair":"ETH/USDT","stake_amount":49.9963857,"max_stake_amount":49.9963857,"amount":0.02001,"open_date":"2025-06-30 06:20:00+00:00","close_date":"2025-06-30 06:30:00+00:00","open_rate":2498.57,"close_rate":2498.39,"fee_open":0.001,"fee_close":0.001,"trade_duration":10,"profit_ratio":-0.0020698992750886494,"profit_abs":-0.10359097,"exit_reason":"exit_signal","initial_stop_loss_abs":2248.72,"initial_stop_loss_ratio":-0.1,"stop_loss_abs":2248.72,"stop_loss_ratio":-0.1,"min_rate":2497.72,"max_rate":2500.34,"is_open":false,"enter_tag":"","leverage":1.0,"is_short":false,"open_timestamp":1751264400000,"close_timestamp":1751265000000,"orders":[{"amount":0.02001,"safe_price":2498.57,"ft_order_side":"buy","order_filled_timestamp":1751264400000,"ft_is_entry":true,"ft_order_tag":"","cost":50.046382085699996},{"amount":0.02001,"safe_price":2498.39,"ft_order_side":"sell","order_filled_timestamp":1751265000000,"ft_is_entry":false,"ft_order_tag":"exit_signal","cost":50.042776683899994}],"funding_fees":0.0},{"pair":"BTC/USDT","stake_amount":49.961664,"max_stake_amount":49.961664,"amount":0.000464,"open_date":"2025-06-30 11:05:00+00:00","close_date":"2025-06-30 12:00:00+00:00","open_rate":107676.0,"close_rate":107646.0,"fee_open":0.001,"fee_close":0.001,"trade_duration":55,"profit_ratio":-0.002276058986059678,"profit_abs":-0.11382941,"exit_reason":"exit_signal","initial_stop_loss_abs":96908.41,"initial_stop_loss_ratio":-0.1,"stop_loss_abs":96908.41,"stop_loss_ratio":-0.1,"min_rate":107625.0,"max_rate":107954.3,"is_open":false,"enter_tag":"","leverage":1.0,"is_short":false,"open_timestamp":1751281500000,"close_timestamp":1751284800000,"orders":[{"amount":0.000464,"safe_price":107676.0,"ft_order_side":"buy","order_filled_timestamp":1751281500000,"ft_is_entry":true,"ft_order_tag":"","cost":50.01162566399999},{"amount":0.000464,"safe_price":107646.0,"ft_order_side":"sell","order_filled_timestamp":1751284800000,"ft_is_entry":false,"ft_order_tag":"exit_signal","cost":49.997691743999994}],"funding_fees":0.0},{"pair":"ETH/USDT","stake_amount":49.98063,"max_stake_amount":49.98063,"amount":0.0203,"open_date":"2025-06-30 11:40:00+00:00","close_date":"2025-06-30 12:50:00+00:00","open_rate":2462.1,"close_rate":2458.36,"fee_open":0.001,"fee_close":0.001,"trade_duration":70,"profit_ratio":-0.0035139954876860957,"profit_abs":-0.17580734,"exit_reason":"exit_signal","initial_stop_loss_abs":2215.89,"initial_stop_loss_ratio":-0.1,"stop_loss_abs":2215.89,"stop_loss_ratio":-0.1,"min_rate":2456.68,"max_rate":2465.43,"is_open":false,"enter_tag":"","leverage":1.0,"is_short":false,"open_timestamp":1751283600000,"close_timestamp":1751287800000,"orders":[{"amount":0.0203,"safe_price":2462.1,"ft_order_side":"buy","order_filled_timestamp":1751283600000,"ft_is_entry":true,"ft_order_tag":"","cost":50.03061062999999},{"amount":0.0203,"safe_price":2458.36,"ft_order_side":"sell","order_filled_timestamp":1751287800000,"ft_is_entry":false,"ft_order_tag":"exit_signal","cost":49.95461270799999}],"funding_fees":0.0},{"pair":"BTC/USDT","stake_amount":49.9109488,"max_stake_amount":49.9109488,"amount":0.000464,"open_date":"2025-06-30 19:55:00+00:00","close_date":"2025-06-30 20:55:00+00:00","open_rate":107566.7,"close_rate":107545.7,"fee_open":0.001,"fee_close":0.001,"trade_duration":60,"profit_ratio":-0.0021928395658289573,"profit_abs":-0.10955615,"exit_reason":"exit_signal","initial_stop_loss_abs":96810.03,"initial_stop_loss_ratio":-0.1,"stop_loss_abs":96810.03,"stop_loss_ratio":-0.1,"min_rate":107471.1,"max_rate":107798.9,"is_open":false,"enter_tag":"","leverage":1.0,"is_short":false,"open_timestamp":1751313300000,"close_timestamp":1751316900000,"orders":[{"amount":0.000464,"safe_price":107566.7,"ft_order_side":"buy","order_filled_timestamp":1751313300000,"ft_is_entry":true,"ft_order_tag":"","cost":49.9608597488},{"amount":0.000464,"safe_price":107545.7,"ft_order_side":"sell","order_filled_timestamp":1751316900000,"ft_is_entry":false,"ft_order_tag":"exit_signal","cost":49.951106004799996}],"funding_fees":0.0}],"locks":[],"best_pair":{"key":"ETH/USDT","trades":12,"profit_mean":-0.002973744027957631,"profit_mean_pct":-0.3,"profit_sum":-0.03568492833549157,"profit_sum_pct":-3.57,"profit_total_abs":-1.7857029700000002,"profit_total":-0.0017857029700000001,"profit_total_pct":-0.18,"duration_avg":"0:51:00","wins":1,"draws":0,"losses":11,"winrate":0.08333333333333333,"cagr":-0.12231967342506711,"expectancy":-0.14880858083333337,"expectancy_ratio":-0.6891859429612647,"sortino":-73.19120100401774,"sharpe":-28.452357939810938,"calmar":-325.57685398843614,"sqn":-2.0581,"profit_factor":0.24816078949680223,"max_drawdown_account":0.002095714540000017,"max_drawdown_abs":2.09571454},"worst_pair":{"key":"BTC/USDT","trades":14,"profit_mean":-0.002569717490517522,"profit_mean_pct":-0.26,"profit_sum":-0.03597604486724531,"profit_sum_pct":-3.6,"profit_total_abs":-1.79858459,"profit_total":-0.00179858459,"profit_total_pct":-0.18,"duration_avg":"0:55:00","wins":0,"draws":0,"losses":14,"winrate":0.0,"cagr":-0.12314609981527924,"expectancy":-0.12847032785714285,"expectancy_ratio":-1.0,"sortino":-79.99498603683855,"sharpe":-79.99498603683855,"calmar":-382.09946349085203,"sqn":-5.3918,"profit_factor":0.0,"max_drawdown_account":0.0017985845900000187,"max_drawdown_abs":1.79858459},"results_per_pair":[{"key":"ETH/USDT","trades":12,"profit_mean":-0.002973744027957631,"profit_mean_pct":-0.3,"profit_sum":-0.03568492833549157,"profit_sum_pct":-3.57,"profit_total_abs":-1.7857029700000002,"profit_total":-0.0017857029700000001,"profit_total_pct":-0.18,"duration_avg":"0:51:00","wins":1,"draws":0,"losses":11,"winrate":0.08333333333333333,"cagr":-0.12231967342506711,"expectancy":-0.14880858083333337,"expectancy_ratio":-0.6891859429612647,"sortino":-73.19120100401774,"sharpe":-28.452357939810938,"calmar":-325.57685398843614,"sqn":-2.0581,"profit_factor":0.24816078949680223,"max_drawdown_account":0.002095714540000017,"max_drawdown_abs":2.09571454},{"key":"BTC/USDT","trades":14,"profit_mean":-0.002569717490517522,"profit_mean_pct":-0.26,"profit_sum":-0.03597604486724531,"profit_sum_pct":-3.6,"profit_total_abs":-1.79858459,"profit_total":-0.00179858459,"profit_total_pct":-0.18,"duration_avg":"0:55:00","wins":0,"draws":0,"losses":14,"winrate":0.0,"cagr":-0.12314609981527924,"expectancy":-0.12847032785714285,"expectancy_ratio":-1.0,"sortino":-79.99498603683855,"sharpe":-79.99498603683855,"calmar":-382.09946349085203,"sqn":-5.3918,"profit_factor":0.0,"max_drawdown_account":0.0017985845900000187,"max_drawdown_abs":1.79858459},{"key":"TOTAL","trades":26,"profit_mean":-0.002756191277028342,"profit_mean_pct":-0.28,"profit_sum":-0.07166097320273689,"profit_sum_pct":-7.17,"profit_total_abs":-3.58428756,"profit_total":-0.0035842875599999997,"profit_total_pct":-0.36,"duration_avg":"0:53:00","wins":1,"draws":0,"losses":25,"winrate":0.038461538461538464,"cagr":-0.23058364739434956,"expectancy":-0.13785721384615388,"expectancy_ratio":-0.8257499245450447,"sortino":-138.05520805646879,"sharpe":-78.26728221041999,"calmar":-373.0827020460017,"sqn":-3.9391,"profit_factor":0.14122007847315352,"max_drawdown_account":0.003670913570000039,"max_drawdown_abs":3.67091357}],"results_per_enter_tag":[{"key":"","trades":26,"profit_mean":-0.002756191277028342,"profit_mean_pct":-0.28,"profit_sum":-0.07166097320273689,"profit_sum_pct":-7.17,"profit_total_abs":-3.58428756,"profit_total":-0.0035842875599999997,"profit_total_pct":-0.36,"duration_avg":"0:53:00","wins":1,"draws":0,"losses":25,"winrate":0.038461538461538464,"cagr":-0.23058364739434956,"expectancy":-0.13785721384615388,"expectancy_ratio":-0.8257499245450447,"sortino":-138.05520805646879,"sharpe":-78.26728221041999,"calmar":-373.0827020460017,"sqn":-3.9391,"profit_factor":0.14122007847315352,"max_drawdown_account":0.003670913570000039,"max_drawdown_abs":3.67091357},{"key":"TOTAL","trades":26,"profit_mean":-0.002756191277028342,"profit_mean_pct":-0.28,"profit_sum":-0.07166097320273689,"profit_sum_pct":-7.17,"profit_total_abs":-3.58428756,"profit_total":-0.0035842875599999997,"profit_total_pct":-0.36,"duration_avg":"0:53:00","wins":1,"draws":0,"losses":25,"winrate":0.038461538461538464,"cagr":-0.23058364739434956,"expectancy":-0.13785721384615388,"expectancy_ratio":-0.8257499245450447,"sortino":-138.05520805646879,"sharpe":-78.26728221041999,"calmar":-373.0827020460017,"sqn":-3.9391,"profit_factor":0.14122007847315352,"max_drawdown_account":0.003670913570000039,"max_drawdown_abs":3.67091357}],"exit_reason_summary":[{"key":"exit_signal","trades":26,"profit_mean":-0.002756191277028342,"profit_mean_pct":-0.28,"profit_sum":-0.07166097320273689,"profit_sum_pct":-7.17,"profit_total_abs":-3.58428756,"profit_total":-0.0035842875599999997,"profit_total_pct":-0.36,"duration_avg":"0:53:00","wins":1,"draws":0,"losses":25,"winrate":0.038461538461538464,"cagr":-0.23058364739434956,"expectancy":-0.13785721384615388,"expectancy_ratio":-0.8257499245450447,"sortino":-138.05520805646879,"sharpe":-78.26728221041999,"calmar":-373.0827020460017,"sqn":-3.9391,"profit_factor":0.14122007847315352,"max_drawdown_account":0.003670913570000039,"max_drawdown_abs":3.67091357},{"key":"TOTAL","trades":26,"profit_mean":-0.002756191277028342,"profit_mean_pct":-0.28,"profit_sum":-0.07166097320273689,"profit_sum_pct":-7.17,"profit_total_abs":-3.58428756,"profit_total":-0.0035842875599999997,"profit_total_pct":-0.36,"duration_avg":"0:53:00","wins":1,"draws":0,"losses":25,"winrate":0.038461538461538464,"cagr":-0.23058364739434956,"expectancy":-0.13785721384615388,"expectancy_ratio":-0.8257499245450447,"sortino":-138.05520805646879,"sharpe":-78.26728221041999,"calmar":-373.0827020460017,"sqn":-3.9391,"profit_factor":0.14122007847315352,"max_drawdown_account":0.003670913570000039,"max_drawdown_abs":3.67091357}],"mix_tag_stats":[{"key":["","exit_signal"],"trades":26,"profit_mean":-0.002756191277028342,"profit_mean_pct":-0.28,"profit_sum":-0.07166097320273689,"profit_sum_pct":-7.17,"profit_total_abs":-3.58428756,"profit_total":-0.0035842875599999997,"profit_total_pct":-0.36,"duration_avg":"0:53:00","wins":1,"draws":0,"losses":25,"winrate":0.038461538461538464,"cagr":-0.23058364739434956,"expectancy":-0.13785721384615388,"expectancy_ratio":-0.8257499245450447,"sortino":-138.05520805646879,"sharpe":-78.26728221041999,"calmar":-373.0827020460017,"sqn":-3.9391,"profit_factor":0.14122007847315352,"max_drawdown_account":0.003670913570000039,"max_drawdown_abs":3.67091357},{"key":"TOTAL","trades":26,"profit_mean":-0.002756191277028342,"profit_mean_pct":-0.28,"profit_sum":-0.07166097320273689,"profit_sum_pct":-7.17,"profit_total_abs":-3.58428756,"profit_total":-0.0035842875599999997,"profit_total_pct":-0.36,"duration_avg":"0:53:00","wins":1,"draws":0,"losses":25,"winrate":0.038461538461538464,"cagr":-0.23058364739434956,"expectancy":-0.13785721384615388,"expectancy_ratio":-0.8257499245450447,"sortino":-138.05520805646879,"sharpe":-78.26728221041999,"calmar":-373.0827020460017,"sqn":-3.9391,"profit_factor":0.14122007847315352,"max_drawdown_account":0.003670913570000039,"max_drawdown_abs":3.67091357}],"left_open_trades":[{"key":"TOTAL","trades":0,"profit_mean":0.0,"profit_mean_pct":0.0,"profit_sum":0.0,"profit_sum_pct":0.0,"profit_total_abs":0.0,"profit_total":0.0,"profit_total_pct":0.0,"duration_avg":"0:00","wins":0,"draws":0,"losses":0,"winrate":0.0,"cagr":0.0,"expectancy":0.0,"expectancy_ratio":100.0,"sortino":0,"sharpe":0,"calmar":0,"sqn":0.0,"profit_factor":0.0,"max_drawdown_account":0.0,"max_drawdown_abs":0.0}],"total_trades":26,"trade_count_long":26,"trade_count_short":0,"total_volume":2599.5744311536996,"avg_stake_amount":49.96086084230769,"profit_mean":-0.002756191277028342,"profit_median":-0.002970114643674403,"profit_total":-0.0035842875599999997,"profit_total_long":-0.0035842875599999997,"profit_total_short":0.0,"profit_total_abs":-3.58428756,"profit_total_long_abs":-3.58428756,"profit_total_short_abs":0.0,"cagr":-0.23058364739434956,"expectancy":-0.13785721384615388,"expectancy_ratio":-0.8257499245450447,"sortino":-138.05520805646879,"sharpe":-78.26728221041999,"calmar":-373.0827020460017,"sqn":-3.9391,"profit_factor":0.14122007847315352,"backtest_start":"2025-06-25 02:30:00","backtest_start_ts":1750818600000,"backtest_end":"2025-07-01 00:00:00","backtest_end_ts":1751328000000,"backtest_days":5,"backtest_run_start_ts":1753442395,"backtest_run_end_ts":1753442395,"trades_per_day":5.2,"market_change":0.009746331619777539,"pairlist":["BTC/USDT","ETH/USDT"],"stake_amount":50,"stake_currency":"USDT","stake_currency_decimals":3,"starting_balance":1000,"dry_run_wallet":1000,"final_balance":996.41571244,"rejected_signals":0,"timedout_entry_orders":0,"timedout_exit_orders":0,"canceled_trade_entries":0,"canceled_entry_orders":0,"replaced_entry_orders":0,"max_open_trades":2,"max_open_trades_setting":3,"timeframe":"5m","timeframe_detail":"","timerange":"20250601-20250701","enable_protections":false,"strategy_name":"SimpleStrategy","stoploss":-0.1,"trailing_stop":false,"trailing_stop_positive":null,"trailing_stop_positive_offset":0.0,"trailing_only_offset_is_reached":false,"use_custom_stoploss":false,"minimal_roi":{"60":0.01,"30":0.02,"0":0.04},"use_exit_signal":true,"exit_profit_only":false,"exit_profit_offset":0.0,"ignore_roi_if_entry_signal":false,"trading_mode":"spot","margin_mode":"","periodic_breakdown":{"day":[{"date":"25/06/2025","date_ts":1750809600000,"profit_abs":-0.8805737,"wins":0,"draws":0,"losses":3,"trades":3,"profit_factor":0.0},{"date":"26/06/2025","date_ts":1750896000000,"profit_abs":-0.53692594,"wins":0,"draws":0,"losses":4,"trades":4,"profit_factor":0.0},{"date":"27/06/2025","date_ts":1750982400000,"profit_abs":-1.35881696,"wins":0,"draws":0,"losses":7,"trades":7,"profit_factor":0.0},{"date":"28/06/2025","date_ts":1751068800000,"profit_abs":-0.6141019,"wins":0,"draws":0,"losses":5,"trades":5,"profit_factor":0.0},{"date":"29/06/2025","date_ts":1751155200000,"profit_abs":0.30891481,"wins":1,"draws":0,"losses":2,"trades":3,"profit_factor":2.10131993},{"date":"30/06/2025","date_ts":1751241600000,"profit_abs":-0.50278387,"wins":0,"draws":0,"losses":4,"trades":4,"profit_factor":0.0}],"week":[{"date":"30/06/2025","date_ts":1751241600000,"profit_abs":-3.58428756,"wins":1,"draws":0,"losses":25,"trades":26,"profit_factor":0.14122008}],"month":[{"date":"30/06/2025","date_ts":1751241600000,"profit_abs":-3.58428756,"wins":1,"draws":0,"losses":25,"trades":26,"profit_factor":0.14122008}],"year":[{"date":"31/12/2025","date_ts":1767139200000,"profit_abs":-3.58428756,"wins":1,"draws":0,"losses":25,"trades":26,"profit_factor":0.14122008}]},"backtest_best_day":0.006176627937591746,"backtest_worst_day":-0.027168322095396113,"backtest_best_day_abs":0.30891481,"backtest_worst_day_abs":-1.35881696,"winning_days":1,"draw_days":0,"losing_days":5,"daily_profit":[["2025-06-25",-0.8805737],["2025-06-26",-0.53692594],["2025-06-27",-1.35881696],["2025-06-28",-0.6141019],["2025-06-29",0.30891481],["2025-06-30",-0.50278387]],"wins":1,"losses":25,"draws":0,"winrate":0.038461538461538464,"holding_avg":"0:53:00","holding_avg_s":3180.0,"winner_holding_min":"0d 00:25","winner_holding_min_s":1500.0,"winner_holding_max":"0d 00:25","winner_holding_max_s":1500.0,"winner_holding_avg":"0d 00:25","winner_holding_avg_s":1500.0,"loser_holding_min":"0d 00:05","loser_holding_min_s":300.0,"loser_holding_max":"0d 01:50","loser_holding_max_s":6600.0,"loser_holding_avg":"0d 00:54","loser_holding_avg_s":3240.0,"max_consecutive_wins":1,"max_consecutive_losses":21,"max_drawdown_account":0.003670913570000039,"max_relative_drawdown":0.003670913570000039,"max_drawdown_abs":3.67091357,"drawdown_start":"2025-06-25 09:45:00","drawdown_start_ts":1750844700000.0,"drawdown_end":"2025-06-29 19:05:00","drawdown_end_ts":1751223900000.0,"max_drawdown_low":-3.67091357,"max_drawdown_high":-0.24207267,"csum_min":996.32908643,"csum_max":999.75792733}},"strategy_comparison":[{"key":"SimpleStrategy","trades":26,"profit_mean":-0.002756191277028342,"profit_mean_pct":-0.28,"profit_sum":-0.07166097320273689,"profit_sum_pct":-7.17,"profit_total_abs":-3.58428756,"profit_total":-0.0035842875599999997,"profit_total_pct":-0.36,"duration_avg":"0:53:00","wins":1,"draws":0,"losses":25,"winrate":0.038461538461538464,"cagr":-0.23058364739434956,"expectancy":-0.13785721384615388,"expectancy_ratio":-0.8257499245450447,"sortino":-138.05520805646879,"sharpe":-78.26728221041999,"calmar":-373.0827020460017,"sqn":-3.9391,"profit_factor":0.14122007847315352,"max_drawdown_account":0.003670913570000039,"max_drawdown_abs":"3.671"}]}